,TEAM,SEASON,W,L,PTS,FGM,3PM,FTM,REB,AST,TOV,STL,BLK,BLKA,PF,PFD
0,Atlanta Hawks,2018-19,29,53,113.3,41.4,13,17.6,46.1,25.8,17,8.2,5.1,5.5,23.6,22.2
1,Boston Celtics,2018-19,49,33,112.4,42.1,12.6,15.6,44.5,26.3,12.8,8.6,5.3,3.9,20.4,19.5
2,Brooklyn Nets,2018-19,42,40,112.2,40.3,12.8,19,46.6,23.8,15.1,6.6,4.1,5.3,21.5,22
3,Charlotte Hornets,2018-19,39,43,110.7,40.2,11.9,18.4,43.8,23.2,12.2,7.2,4.9,6,18.9,20.6
4,Chicago Bulls,2018-19,22,60,104.9,39.8,9.1,16.2,42.9,21.9,14.1,7.4,4.3,5.8,20.3,18.7
5,Cleveland Cavaliers,2018-19,19,63,104.5,38.9,10.3,16.4,42.7,20.7,13.5,6.5,2.4,5.6,20,19.4
6,Dallas Mavericks,2018-19,33,49,108.9,38.8,12.5,18.8,45.3,23.4,14.2,6.5,4.3,4.5,20.1,23.2
7,Denver Nuggets,2018-19,54,28,110.7,41.9,11,15.8,46.4,27.4,13.4,7.7,4.4,5,20,20.4
8,Detroit Pistons,2018-19,41,41,107,38.8,12.1,17.3,45,22.5,13.8,6.9,4,5.1,22.1,21.3
9,Golden State Warriors,2018-19,57,25,117.7,44,13.3,16.3,46.2,29.4,14.3,7.6,6.4,3.6,21.4,19.5
10,Houston Rockets,2018-19,53,29,113.9,39.2,16.1,19.3,42.1,21.2,13.3,8.5,4.9,4.5,22,20
11,Indiana Pacers,2018-19,48,34,108,41.3,9.5,15.8,43,26,13.7,8.7,4.9,5.2,19.4,20
12,LA Clippers,2018-19,48,34,115.1,41.3,10,22.6,45.5,24,14.5,6.8,4.7,6.1,23.3,24
13,Los Angeles Lakers,2018-19,37,45,111.8,42.6,10.3,16.3,46.6,25.6,15.7,7.5,5.4,5.1,20.7,20.8
14,Memphis Grizzlies,2018-19,33,49,103.5,38,9.9,17.7,41.8,23.9,14,8.3,5.5,4.9,22,21.4
15,Miami Heat,2018-19,39,43,105.7,39.6,11.3,15.1,46.3,24.3,14.7,7.6,5.5,4.7,20.9,20.1
16,Milwaukee Bucks,2018-19,60,22,118.1,43.4,13.5,17.9,49.7,26,13.9,7.5,5.9,4.8,19.6,20.2
17,Minnesota Timberwolves,2018-19,36,46,112.5,41.6,10.1,19.1,44.8,24.6,13.1,8.3,5,5.5,20.3,21.9
18,New Orleans Pelicans,2018-19,33,49,115.4,43.7,10.3,17.8,47.3,27,14.8,7.4,5.4,5.4,21.1,21
19,New York Knicks,2018-19,17,65,104.6,38.2,10,18.1,44.7,20.1,14,6.8,5.1,5.6,20.9,20.8
20,Oklahoma City Thunder,2018-19,49,33,114.5,42.6,11.4,17.8,48.1,23.4,14,9.3,5.2,5.1,22.4,22.5
21,Orlando Magic,2018-19,42,40,107.3,40.4,11.4,15,45.4,25.5,13.2,6.6,5.4,4.4,18.6,18.7
22,Philadelphia 76ers,2018-19,51,31,115.2,41.5,10.8,21.2,47.8,26.9,14.9,7.4,5.3,4.1,21.3,22.1
23,Phoenix Suns,2018-19,19,63,107.5,40.1,9.6,17.6,40.4,23.9,15.6,9,5.1,5,23.6,20.7
24,Portland Trail Blazers,2018-19,53,29,114.7,42.3,11,19,48,23,13.8,6.7,5,5.1,20.4,20.7
25,Sacramento Kings,2018-19,39,43,114.2,43.2,11.3,16.5,45.4,25.4,13.4,8.3,4.4,5.1,21.4,21.4
26,San Antonio Spurs,2018-19,48,34,111.7,42.3,9.9,17.2,44.7,24.5,12.1,6.1,4.7,4,18.1,19.6
27,Toronto Raptors,2018-19,58,24,114.4,42.2,12.4,17.7,45.2,25.4,14,8.3,5.3,4.5,21,20.5
28,Utah Jazz,2018-19,50,32,111.7,40.4,12.1,18.8,46.4,26,15.1,8.1,5.9,4.6,21.1,22.4
29,Washington Wizards,2018-19,32,50,114,42.1,11.3,18.4,42.4,26.3,14.1,8.3,4.6,4.6,20.7,21.2
30,Atlanta Hawks,2017-18,24,58,103.4,38.2,11.2,15.8,41.9,23.7,15.5,7.8,4.2,5.5,19.6,20.3
31,Boston Celtics,2017-18,55,27,104,38.3,11.5,16,44.5,22.5,14,7.4,4.5,4.4,19.7,19.2
32,Brooklyn Nets,2017-18,28,54,106.6,38.2,12.7,17.4,44.4,23.7,15.2,6.2,4.8,5.5,20.6,19.7
33,Charlotte Hornets,2017-18,36,46,108.2,39,10,20.2,45.5,21.6,12.7,6.8,4.5,4.9,17.2,22.4
34,Chicago Bulls,2017-18,27,55,102.9,38.7,11,14.6,44.7,23.5,14,7.6,3.5,5.2,19.2,17.4
35,Cleveland Cavaliers,2017-18,50,32,110.9,40.4,12,18.1,42.1,23.4,13.7,7.1,3.8,4.1,18.6,20.7
36,Dallas Mavericks,2017-18,24,58,102.3,38.1,11.8,14.2,41.3,22.7,12.3,7,3.8,4.5,19.2,19.6
37,Denver Nuggets,2017-18,46,36,110,40.7,11.5,17.1,44.5,25.1,15,7.6,4.9,4.8,18.7,20.7
38,Detroit Pistons,2017-18,39,43,103.8,39.1,10.8,14.7,43.7,22.8,13.4,7.7,3.9,4.9,18.4,18.4
39,Golden State Warriors,2017-18,58,24,113.5,42.8,11.3,16.6,43.5,29.3,15.4,8,7.5,3.7,19.6,18.5
40,Houston Rockets,2017-18,65,17,112.4,38.7,15.3,19.6,43.5,21.5,13.8,8.5,4.8,4.4,19.5,20.4
41,Indiana Pacers,2017-18,48,34,105.6,40.8,9,14.9,42.3,22.2,13.3,8.8,4.1,5.2,18.8,18.5
42,LA Clippers,2017-18,42,40,109,40.3,9.5,19,43.9,22.3,14.7,7.7,4.5,5.6,20,22
43,Los Angeles Lakers,2017-18,35,47,108.1,40.7,10,16.6,46.4,23.8,15.8,7.7,4.7,5.5,21.2,20.5
44,Memphis Grizzlies,2017-18,22,60,99.3,36.7,9.2,16.6,40.5,21.5,15,7.5,4.8,5.1,23.2,20.4
45,Miami Heat,2017-18,44,38,103.4,38.8,11,14.7,43.5,22.7,14.4,7.6,5.3,4.6,20.1,19.4
46,Milwaukee Bucks,2017-18,44,38,106.5,39.7,8.8,18.3,39.8,23.2,13.8,8.8,5.4,4.5,21.4,19.9
47,Minnesota Timberwolves,2017-18,47,35,109.5,41,8,19.4,42,22.7,12.5,8.4,4.2,4.7,18.2,20.9
48,New Orleans Pelicans,2017-18,48,34,111.7,42.7,10.2,16.1,44.3,26.8,14.9,8,5.9,4.2,19.1,20.4
49,New York Knicks,2017-18,29,53,104.5,40.7,8.2,14.9,44,23.3,14.7,6.7,5.1,4.7,20.5,18.4
50,Oklahoma City Thunder,2017-18,48,34,107.9,39.9,10.7,17.3,45.1,21.3,14,9.1,5,4.6,20.2,21.3
51,Orlando Magic,2017-18,25,57,103.4,38.8,10.3,15.5,41.6,23.4,14.5,7.6,4.9,4.9,19.3,19
52,Philadelphia 76ers,2017-18,52,30,109.8,40.8,11,17.1,47.4,27.1,16.5,8.3,5.1,5.1,22.1,20.4
53,Phoenix Suns,2017-18,21,61,103.9,38.5,9.3,17.7,44.1,21.3,15.7,6.9,4.5,6,22,20.9
54,Portland Trail Blazers,2017-18,49,33,105.6,39.3,10.3,16.7,45.5,19.5,13.5,7,5.2,5.1,19.5,19.1
55,Sacramento Kings,2017-18,27,55,98.8,38.8,9,12.3,40.9,21.6,13.7,7.8,4.1,4.7,20,17.3
56,San Antonio Spurs,2017-18,47,35,102.7,39,8.5,16.1,44.2,22.8,13.1,7.7,5.6,3.9,17.2,19.7
57,Toronto Raptors,2017-18,59,23,111.7,41.3,11.8,17.3,44,24.3,13.4,7.6,6.1,4.9,21.7,19.9
58,Utah Jazz,2017-18,48,34,104.1,38.3,10.8,16.8,43.3,22.4,14.7,8.6,5.1,4.6,19.6,20.5
59,Washington Wizards,2017-18,43,39,106.6,39.9,9.9,16.8,43.1,25.2,14.6,7.9,4.3,4.7,21.3,20
60,Atlanta Hawks,2016-17,43,39,103.2,38.1,8.9,18.1,44.3,23.6,15.8,8.2,4.8,5.2,18.2,21.6
61,Boston Celtics,2016-17,53,29,108,38.6,12,18.7,42,25.2,13.3,7.5,4.1,5.2,20.6,20.3
62,Brooklyn Nets,2016-17,20,62,105.8,37.8,10.7,19.4,43.9,21.4,16.5,7.2,4.7,5.6,21,20.4
63,Charlotte Hornets,2016-17,36,46,104.9,37.7,10,19.4,43.6,23.1,11.5,7,4.8,5.5,16.6,19.9
64,Chicago Bulls,2016-17,41,41,102.9,38.6,7.6,18,46.3,22.6,13.6,7.8,4.8,4.6,17.7,18.8
65,Cleveland Cavaliers,2016-17,51,31,110.3,39.9,13,17.5,43.7,22.7,13.7,6.6,4,4.3,18.1,20.6
66,Dallas Mavericks,2016-17,33,49,97.9,36.2,10.7,14.8,38.6,20.8,11.9,7.5,3.7,3.4,19.1,19.4
67,Denver Nuggets,2016-17,40,42,111.7,41.2,10.6,18.7,46.4,25.3,15,6.9,3.9,4.9,19.1,20.2
68,Detroit Pistons,2016-17,37,45,101.3,39.9,7.7,13.9,45.7,21.1,11.9,7,3.8,4.1,17.9,17.5
69,Golden State Warriors,2016-17,67,15,115.9,43.1,12,17.8,44.4,30.4,14.8,9.6,6.8,3.8,19.3,19.4
70,Houston Rockets,2016-17,55,27,115.3,40.3,14.4,20.3,44.4,25.2,15.1,8.2,4.3,5,19.9,20.4
71,Indiana Pacers,2016-17,42,40,105.1,39.3,8.6,17.9,42,22.5,13.8,8.2,5,5,19.5,19.5
72,LA Clippers,2016-17,51,31,108.7,39.5,10.3,19.3,43,22.5,13,7.5,4.2,3.1,19.8,22.4
73,Los Angeles Lakers,2016-17,26,56,104.6,39.3,8.9,17,43.5,20.9,15.2,8.2,3.9,5.4,20.7,18.5
74,Memphis Grizzlies,2016-17,43,39,100.5,36.4,9.4,18.3,42.8,21.3,12.9,8,4.2,5,22.4,20.8
75,Miami Heat,2016-17,41,41,103.2,39,9.9,15.2,43.6,21.2,13.4,7.2,5.7,4.9,20.5,18.7
76,Milwaukee Bucks,2016-17,42,40,103.6,38.8,8.8,17.2,40.4,24.2,14,8.1,5.3,4.6,20.2,19.3
77,Minnesota Timberwolves,2016-17,31,51,105.6,39.5,7.3,19.3,42.4,23.7,14,8,4.5,5,20.1,20.5
78,New Orleans Pelicans,2016-17,34,48,104.3,39.1,9.4,16.7,43.7,22.8,12.9,7.8,5.5,4.2,18.2,19.3
79,New York Knicks,2016-17,31,51,104.3,39.6,8.6,16.6,45.2,21.8,13.9,7.1,5.5,4.6,20.3,18.5
80,Oklahoma City Thunder,2016-17,47,35,106.6,39.5,8.4,19.2,46.6,21,15,7.9,5,5.5,20.9,20.7
81,Orlando Magic,2016-17,29,53,101.1,38.3,8.5,16,43.2,22.2,13.3,7.1,4.8,5.1,19.3,18.7
82,Philadelphia 76ers,2016-17,28,54,102.4,37.7,10.1,17,42.8,23.8,16.7,8.4,5.1,5.4,21.9,19.6
83,Phoenix Suns,2016-17,24,58,107.7,39.9,7.5,20.4,45,19.6,15.4,8.2,4.9,5.3,24.8,22.2
84,Portland Trail Blazers,2016-17,41,41,107.9,39.5,10.4,18.5,43.7,21.1,13.7,7,5,5.3,21.2,19.8
85,Sacramento Kings,2016-17,32,50,102.8,37.9,9,18.1,41.1,22.5,14.6,7.6,4,5.1,20.3,20.1
86,San Antonio Spurs,2016-17,61,21,105.3,39.3,9.2,17.6,43.9,23.8,13.4,8,5.9,4.1,18.3,19.8
87,Toronto Raptors,2016-17,51,31,106.9,39.2,8.8,19.7,43.3,18.5,12.7,8.3,4.9,4.8,20.8,20.3
88,Utah Jazz,2016-17,51,31,100.7,37,9.6,17.1,43.2,20.1,13.6,6.7,5,3.8,18.8,20.2
89,Washington Wizards,2016-17,49,33,109.2,41.3,9.2,17.3,42.9,23.9,14.2,8.5,4.1,4.6,21.3,19.8
90,Atlanta Hawks,2015-16,48,34,102.8,38.6,9.9,15.6,42.1,25.6,15,9.1,5.9,5,19.1,18.3
91,Boston Celtics,2015-16,48,34,105.7,39.2,8.7,18.5,44.9,24.2,13.7,9.2,4.2,5.5,21.9,21
92,Brooklyn Nets,2015-16,21,61,98.6,38.2,6.5,15.7,42.4,22.3,14.8,7.6,4,5.2,18,18.4
93,Charlotte Hornets,2015-16,48,34,103.4,37,10.6,18.7,43.9,21.7,12.5,7.3,5.3,5.5,18.1,20.4
94,Chicago Bulls,2015-16,42,40,101.6,38.6,7.9,16.5,46.3,22.8,13.9,6,5.7,5.7,18.8,18.7
95,Cleveland Cavaliers,2015-16,57,25,104.3,38.7,10.7,16.3,44.5,22.7,13.6,6.7,3.9,4.4,20.3,20.6
96,Dallas Mavericks,2015-16,42,40,102.3,37.4,9.8,17.7,43.1,22.1,12.8,6.8,3.7,4.4,19.5,21.4
97,Denver Nuggets,2015-16,33,49,101.9,37.7,8,18.5,44.6,22.7,14.7,7.4,4.8,6.3,21,20.9
98,Detroit Pistons,2015-16,44,38,102,37.9,9,17.1,46.3,19.4,13.5,7,3.7,4.5,19,21.6
99,Golden State Warriors,2015-16,73,9,114.9,42.5,13.1,16.7,46.2,28.9,15.2,8.4,6.1,4.1,20.7,19.8
100,Houston Rockets,2015-16,41,41,106.5,37.7,10.7,20.4,43.1,22.2,15.9,10,5.2,4.9,21.8,22.5
101,Indiana Pacers,2015-16,45,37,102.2,38.3,8.1,17.4,44.2,21.2,14.9,9,4.8,4.5,20,20.4
102,LA Clippers,2015-16,53,29,104.5,38.3,9.7,18.2,42,22.8,13,8.6,5.6,3.2,21.3,22.5
103,Los Angeles Lakers,2015-16,17,65,97.3,35.1,7.8,19.3,43,18,13.7,7.2,4.1,5.6,20.3,19.2
104,Memphis Grizzlies,2015-16,42,40,99.1,36.8,6.1,19.3,41.6,20.7,13.3,8.8,4.3,5.7,21.7,21.1
105,Miami Heat,2015-16,48,34,100,38.4,6.1,17.1,44.1,20.8,14.1,6.7,6.5,4.1,18.3,19.6
106,Milwaukee Bucks,2015-16,33,49,99,38.4,5.4,17,41.7,23.1,15.2,8.2,5.8,5.6,20.7,19.5
107,Minnesota Timberwolves,2015-16,29,53,102.4,37.7,5.5,21.4,41.6,23.4,15,8,4.6,5.2,20.7,21.6
108,New Orleans Pelicans,2015-16,30,52,102.7,38.5,8.6,17.3,42.6,22.2,13.4,7.7,4.2,5.2,20.9,19.9
109,New York Knicks,2015-16,32,50,98.4,36.9,7.4,17.2,44.4,20.5,13.4,5.7,5.7,4.2,19.7,18.5
110,Oklahoma City Thunder,2015-16,55,27,110.2,41.1,8.3,19.7,48.6,23,15.9,7.4,5.9,4.5,20.6,20.2
111,Orlando Magic,2015-16,35,47,102.1,39.5,7.8,15.2,43.3,23.6,14.1,8.2,5.1,5.5,20.7,18.3
112,Philadelphia 76ers,2015-16,10,72,97.4,36.2,9.3,15.7,41.2,21.5,16.4,8.3,6,5.7,21.7,19.2
113,Phoenix Suns,2015-16,23,59,100.9,37.2,9,17.5,44.8,20.7,17.2,7.7,3.8,5.5,22.7,21.6
114,Portland Trail Blazers,2015-16,44,38,105.1,38.6,10.5,17.4,45.5,21.3,14.6,6.9,4.6,5.2,21.7,19.5
115,Sacramento Kings,2015-16,33,49,106.6,40,8,18.5,44.2,24.5,16.2,8.9,4.5,5.3,20.4,22
116,San Antonio Spurs,2015-16,67,15,103.5,40.1,7,16.4,43.9,24.5,13.1,8.3,5.9,3.9,17.5,19.5
117,Toronto Raptors,2015-16,56,26,102.7,36.7,8.6,20.8,43.4,18.7,13.1,7.8,5.5,5.4,19.6,22
118,Utah Jazz,2015-16,40,42,97.7,36.1,8.5,17.1,43.2,19,14.9,7.7,5.2,4.7,20.2,19.9
119,Washington Wizards,2015-16,41,41,104.1,39.5,8.6,16.5,41.8,24.5,14.5,8.6,3.9,4.3,20.8,20.1
120,Atlanta Hawks,2014-15,60,22,102.5,38.1,10,16.5,40.6,25.7,14.2,9.1,4.6,4.9,17.8,19.6
121,Boston Celtics,2014-15,40,42,101.4,38.9,8,15.4,43.8,24.5,13.8,8.2,3.6,5.3,21.2,18.8
122,Brooklyn Nets,2014-15,38,44,98,37.4,6.6,16.6,42.4,20.9,13.8,7,4.1,4.5,19.3,20
123,Charlotte Hornets,2014-15,33,49,94.2,35.5,6.1,17,44.1,20.2,11.9,6.1,5.5,5.4,18.2,20.8
124,Chicago Bulls,2014-15,50,32,100.8,36.6,7.9,19.7,45.7,21.7,14,6.3,5.8,5.4,18.2,21.2
125,Cleveland Cavaliers,2014-15,53,29,103.1,37.7,10.1,17.7,43,22.1,14.3,7.4,4.1,4.5,18.4,20.5
126,Dallas Mavericks,2014-15,50,32,105.2,39.7,8.9,16.9,42.3,22.5,13,8.1,4.5,3.8,20,22.1
127,Denver Nuggets,2014-15,30,52,101.5,37.8,8,17.8,44.7,21.8,14.2,7.8,4.5,6.1,23,20.7
128,Detroit Pistons,2014-15,32,50,98.5,37.1,8.6,15.8,44.9,21.6,13.4,7.6,4.7,4.8,19,19.3
129,Golden State Warriors,2014-15,67,15,110,41.6,10.8,16,44.7,27.4,14.5,9.3,6,3.6,19.9,18.8
130,Houston Rockets,2014-15,56,26,103.9,37,11.4,18.6,43.7,22.2,16.7,9.5,5,5.3,22,21.1
131,Indiana Pacers,2014-15,38,44,97.3,36.6,7.5,16.7,44.9,21.4,14,6.2,4.6,4.7,21.2,21.4
132,Los Angeles Clippers,2014-15,56,26,106.7,39.4,10.1,17.9,42.6,24.8,12.3,7.8,5,3,21.3,21.5
133,Los Angeles Lakers,2014-15,21,61,98.5,37.2,6.5,17.5,43.9,20.9,13.2,7,4.5,4.8,21.2,19.4
134,Memphis Grizzlies,2014-15,55,27,98.3,37.8,5.2,17.6,42.6,21.7,13.3,8.5,4.2,5.2,19.1,20.3
135,Miami Heat,2014-15,37,45,94.7,35.2,6.8,17.5,39.1,19.8,14.8,7.8,4.5,4.4,20,20.9
136,Milwaukee Bucks,2014-15,41,41,97.8,37.6,6.6,16,42.1,23.6,16.7,9.6,4.9,4.8,22.1,20.1
137,Minnesota Timberwolves,2014-15,16,66,97.8,36.4,5,20,40.9,21.6,15,8.1,4,5.5,19.2,21.4
138,New Orleans Pelicans,2014-15,45,37,99.4,37.9,7.1,16.4,43.5,22,13.3,6.7,6.2,5.8,18.7,18.7
139,New York Knicks,2014-15,17,65,91.9,35.1,6.8,14.8,40.4,21.3,14.7,7,4.7,4.3,21.6,19.1
140,Oklahoma City Thunder,2014-15,45,37,104,38.8,7.7,18.6,47.5,20.5,14.7,7.3,5.5,4.6,22.3,20.4
141,Orlando Magic,2014-15,25,57,95.7,37.5,6.8,13.9,41.8,20.6,14.9,7.9,3.8,5.4,20.9,17.9
142,Philadelphia 76ers,2014-15,18,64,92,33.7,8.4,16.1,42.9,20.5,17.7,9.6,5.9,5.5,21.7,20.2
143,Phoenix Suns,2014-15,39,43,102.4,38.8,8.5,16.4,43.2,20.2,15.1,8.5,4.7,4.1,21.3,20.3
144,Portland Trail Blazers,2014-15,51,31,102.8,38.7,9.8,15.5,45.9,21.9,13.6,6.4,4.5,3.6,18.2,18.7
145,Sacramento Kings,2014-15,29,53,101.3,36.7,5.6,22.3,44.2,20.3,16.3,6.7,4,6.2,20.7,23.9
146,San Antonio Spurs,2014-15,55,27,103.2,39.1,8.3,16.7,43.6,24.4,14,8,5.4,4.4,19.1,19.7
147,Toronto Raptors,2014-15,49,33,104,37.9,8.9,19.3,41.5,20.7,12.9,7.5,4.4,5,20.9,20.3
148,Utah Jazz,2014-15,38,44,95.1,35.4,7.4,17,44,19.9,15.3,7.6,6,4.7,19.3,19.6
149,Washington Wizards,2014-15,46,36,98.5,38.3,6.1,15.9,44.7,24,15,7.3,4.6,4.3,20.8,19.6
150,Atlanta Hawks,2013-14,38,44,101,37.3,9.4,17,40,24.9,15.3,8.3,4,4.3,19.2,20
151,Boston Celtics,2013-14,25,57,96.2,36.5,7,16.2,42.5,21,15.4,7.1,4.2,4.5,21.3,19.1
152,Brooklyn Nets,2013-14,44,38,98.5,35.7,8.6,18.4,38.1,20.9,14.5,8.6,3.8,4.1,21.7,20.8
153,Charlotte Bobcats,2013-14,43,39,96.9,36.3,6.3,18,42.7,21.7,12.3,6.1,5.1,5.1,18.2,20.9
154,Chicago Bulls,2013-14,48,34,93.7,34.7,6.2,18.1,44.1,22.7,14.9,7.2,5.2,6,19.1,20.9
155,Cleveland Cavaliers,2013-14,33,49,98.2,37,7.1,17,44.1,21.2,14.2,7.1,3.7,5.6,20,19.5
156,Dallas Mavericks,2013-14,49,33,104.8,39.6,8.8,16.8,40.9,23.6,13.5,8.6,4.3,3.5,20,19.9
157,Denver Nuggets,2013-14,36,46,104.4,38.4,8.6,19.1,45.4,22.4,15.9,7.5,5.6,5.6,23,21.7
158,Detroit Pistons,2013-14,29,53,101,38.8,6.2,17.3,45.4,20.9,14.5,8.4,4.8,4.9,20.3,20.7
159,Golden State Warriors,2013-14,51,31,104.3,39.5,9.4,15.9,45.3,23.3,15.2,7.8,5,4.2,21.8,19.3
160,Houston Rockets,2013-14,54,28,107.7,38,9.5,22.1,45.3,21.4,16.1,7.6,5.6,5.6,20.4,24.3
161,Indiana Pacers,2013-14,56,26,96.7,36,6.7,18.1,44.7,20.1,15.1,6.7,5.4,4.6,20.4,21.9
162,Los Angeles Clippers,2013-14,57,25,107.9,39.1,8.5,21.2,43,24.6,13.9,8.6,4.8,3.5,21.5,23.4
163,Los Angeles Lakers,2013-14,27,55,103,38.3,9.4,17,41,24.5,15.1,7.5,5.4,4.7,19.8,19.3
164,Memphis Grizzlies,2013-14,50,32,96.1,38.1,4.9,15.1,42.4,21.9,13.7,7.7,4.6,5,19.1,18.9
165,Miami Heat,2013-14,54,28,102.2,38.3,8.1,17.5,36.9,22.5,14.8,8.9,4.5,3.1,19.5,20.4
166,Milwaukee Bucks,2013-14,15,67,95.5,36,6.7,16.8,41.1,21.5,15.1,6.6,4.9,5,20.9,20.6
167,Minnesota Timberwolves,2013-14,40,42,106.9,38.9,7.3,21.8,44.7,23.9,13.9,8.8,3.6,5.6,18.3,23.6
168,New Orleans Pelicans,2013-14,34,48,99.7,37.8,5.9,18.2,41.7,21.3,13.8,7.9,6.4,6.1,22.6,20.3
169,New York Knicks,2013-14,37,45,98.6,36.9,9.3,15.5,40.3,20,13,7.7,4.5,3.4,22.1,19.6
170,Oklahoma City Thunder,2013-14,59,23,106.2,39,8.1,20.2,44.7,21.9,15.3,8.3,6.1,3.6,22.7,20.4
171,Orlando Magic,2013-14,23,59,96.5,36.9,6.9,15.9,42,21,14.9,7.7,4.3,5.4,20.5,18.3
172,Philadelphia 76ers,2013-14,19,63,99.5,37.9,7,16.6,42.7,21.8,16.9,9.3,4,6.8,22.5,20.6
173,Phoenix Suns,2013-14,48,34,105.2,38.7,9.3,18.5,43,19.1,15.3,8.4,4.6,4,21.9,21.3
174,Portland Trail Blazers,2013-14,54,28,106.7,39.1,9.4,19.1,46.4,23.2,13.7,5.5,4.7,3.7,19.2,20.7
175,Sacramento Kings,2013-14,28,54,100.5,36.9,6,20.7,44.5,18.9,15.2,7.2,3.9,5.6,22.5,23.1
176,San Antonio Spurs,2013-14,62,20,105.4,40.6,8.5,15.7,43.3,25.2,14.4,7.4,5.1,4.6,18.2,19.3
177,Toronto Raptors,2013-14,48,34,101.3,36.5,8.7,19.6,42.5,21.2,14.1,7,4.2,4.3,23,22.1
178,Utah Jazz,2013-14,25,57,95,36,6.6,16.4,41.2,20.3,14.6,7,4.5,4.9,20.7,20.4
179,Washington Wizards,2013-14,44,38,100.7,38.7,7.9,15.3,42.2,23.3,14.7,8.1,4.6,3.9,20.4,19.5
180,Atlanta Hawks,2012-13,44,38,98,37.6,8.6,14.1,40.9,24.5,14.9,8.1,4.5,4.3,18,18.8
181,Boston Celtics,2012-13,41,40,96.5,37,6.1,16.3,39.3,22.8,14.6,8.2,4.5,4.7,21.2,19.4
182,Brooklyn Nets,2012-13,49,33,96.9,35.9,7.7,17.5,42.8,20.3,14.7,7.3,4.8,4.8,18.3,21.4
183,Charlotte Bobcats,2012-13,21,61,93.4,34.4,5.7,18.9,40.3,19.4,14.1,7.2,5.8,6.9,19,21.3
184,Chicago Bulls,2012-13,45,37,93.2,35.7,5.4,16.4,43.2,23,14.3,7.2,5.1,5.8,19.7,19.6
185,Cleveland Cavaliers,2012-13,24,58,96.5,36.5,6.7,16.8,41,20.7,14,7.9,4.1,6.8,21.2,19.7
186,Dallas Mavericks,2012-13,41,41,101.1,38.8,7.4,16.1,41.9,23.2,14,7.9,5.5,4.1,20.7,18.9
187,Denver Nuggets,2012-13,57,25,106.1,40.7,6.4,18.4,45,24.4,15.3,9.3,6.5,6.8,20.5,21.6
188,Detroit Pistons,2012-13,29,53,94.9,36.3,6.3,15.9,42.1,21.2,15.1,7,4.9,5.8,19.8,19.9
189,Golden State Warriors,2012-13,47,35,101.2,38.2,8,16.8,45,22.5,15.1,6.9,4.2,4.9,21.4,19.2
190,Houston Rockets,2012-13,45,37,106,38.1,10.6,19.2,43.4,23.2,16.4,8.3,4.4,6.1,20.3,20.4
191,Indiana Pacers,2012-13,49,32,94.7,35.1,6.9,17.6,45.9,20.3,15.1,7.2,6.3,5.7,20,21.9
192,Los Angeles Clippers,2012-13,56,26,101.1,38.5,7.6,16.4,41.6,23.9,14.6,9.6,5.6,4.1,20.9,20.9
193,Los Angeles Lakers,2012-13,45,37,102.2,37.1,8.7,19.3,44.8,22.2,15,7,5.2,4.8,17.9,23.1
194,Memphis Grizzlies,2012-13,56,26,93.4,36.1,4.7,16.5,42.7,20.9,14,8.6,5.3,5.5,20.2,20
195,Miami Heat,2012-13,66,16,102.9,38.4,8.7,17.4,38.6,23,13.9,8.7,5.4,3.2,18.7,20.4
196,Milwaukee Bucks,2012-13,38,44,98.9,38.1,7.3,15.3,44,22.9,14.1,8.4,6.7,4.4,19,19.1
197,Minnesota Timberwolves,2012-13,31,51,95.7,35.9,5.5,18.5,42,22.4,14.8,8.5,4.7,5.9,18.4,22.5
198,New Orleans Hornets,2012-13,27,55,94.1,36,6.5,15.5,41.6,21,14.5,6.3,5.4,6,20.4,18.7
199,New York Knicks,2012-13,54,28,100,36.5,10.9,16,40.6,19.3,12,8.2,3.6,4,20.1,19.2
200,Oklahoma City Thunder,2012-13,60,22,105.7,38.1,7.3,22.2,43.6,21.4,15.3,8.3,7.6,3.9,20.2,20.7
201,Orlando Magic,2012-13,20,62,94.1,37.7,6.2,12.5,42.7,22.8,14.5,6.4,4.4,5.2,19.4,16.5
202,Philadelphia 76ers,2012-13,34,48,93.2,37.3,6.3,12.2,41.3,22.8,13,7.4,4.7,4.8,18.4,16.2
203,Phoenix Suns,2012-13,25,57,95.2,37.3,5.9,14.7,41.6,22.6,15.6,8,5.3,5.1,20.6,18.4
204,Portland Trail Blazers,2012-13,33,49,97.5,36.7,8.2,15.9,40.8,21.8,14.7,6.6,4.3,4.4,18.5,18.7
205,Sacramento Kings,2012-13,28,54,100.2,37.6,7.4,17.5,40.6,20.8,14.6,8.2,4.2,6.3,20.9,20
206,San Antonio Spurs,2012-13,58,24,103,39.1,8.1,16.6,41.3,25.1,14.7,8.5,5.4,4.9,17.4,19.1
207,Toronto Raptors,2012-13,34,48,97.2,36.3,7,17.6,40.2,21.5,13.7,7.3,4.8,4.7,22.4,20.1
208,Utah Jazz,2012-13,43,39,98,37.1,6.2,17.5,42,22.7,14.8,8.4,6.3,5.9,21.3,20.4
209,Washington Wizards,2012-13,29,53,93.2,35.5,6.6,15.6,43.2,21.6,15.1,7.3,4.6,4.4,20.5,19.1
210,Atlanta Hawks,2011-12,40,26,96.6,36.8,7.5,15.5,41.2,22.4,14,8.1,4.6,4.7,17.8,19.1
211,Boston Celtics,2011-12,39,27,91.8,35.5,5.5,15.4,38.8,23.6,14.8,7.5,5.5,4.6,19.9,18.4
212,Charlotte Bobcats,2011-12,7,59,87,33.2,4,16.5,39,20.1,14.5,6,5.5,5.7,18.9,20.3
213,Chicago Bulls,2011-12,50,16,96.3,37.4,6.3,15.2,46.7,23.1,14,6.9,5.9,5.2,17.3,17.7
214,Cleveland Cavaliers,2011-12,21,45,93,34.3,6.7,17.8,42.3,19.8,15.4,7.1,4,6.2,20,20.9
215,Dallas Mavericks,2011-12,36,30,95.8,36.3,7.5,15.6,42.8,20.9,14,8.6,5.1,4,18.6,18.4
216,Denver Nuggets,2011-12,38,28,104.1,39,6.6,19.6,43.1,24,15.4,8.2,5,6.7,19.7,22
217,Detroit Pistons,2011-12,25,41,90.9,34.7,4.8,16.6,40.3,18.7,15.7,7,4.2,5.3,19.6,19.4
218,Golden State Warriors,2011-12,23,43,97.8,37.7,7.9,14.4,39.2,22.3,13.9,8,5.5,5,21.4,16.6
219,Houston Rockets,2011-12,34,32,98.1,37.7,7.2,15.4,42.2,21.3,14.5,7.5,4.8,5.2,20.4,18.4
220,Indiana Pacers,2011-12,42,24,97.7,35.7,5.9,20.4,43.9,18.6,14,7.9,5.4,6,21.7,21.6
221,Los Angeles Clippers,2011-12,40,26,97.5,37,7.8,15.8,41.6,21,13.3,8.4,4.8,4.5,21.2,21.2
222,Los Angeles Lakers,2011-12,41,25,97.3,36.8,5.5,18.2,46.2,22.5,15.1,5.9,5.3,4.6,16.8,20.2
223,Memphis Grizzlies,2011-12,41,25,95,36.7,4.2,17.3,42,19.5,14.5,9.6,5.2,5.5,19.9,19.3
224,Miami Heat,2011-12,46,20,98.5,37.1,5.6,18.8,41.6,20,15.2,8.9,5.4,4.2,19.4,20.5
225,Milwaukee Bucks,2011-12,31,35,99,37.9,6.6,16.6,42.5,23.5,14.1,8.3,5.1,4.5,19.3,19.4
226,Minnesota Timberwolves,2011-12,26,40,97.9,35.7,7.2,19.4,43.7,19.5,15.2,6.6,4.4,5.7,18.4,21.7
227,New Jersey Nets,2011-12,22,44,93.1,34.3,7.7,16.9,40.3,19.9,15.1,7.5,3.9,5,19.2,19.3
228,New Orleans Hornets,2011-12,21,45,89.6,34.8,3.9,16,41.1,20.7,15.5,7.4,4.8,5.8,20.1,18.7
229,New York Knicks,2011-12,36,30,97.8,35.8,7.8,18.3,41.7,20.1,16,9.4,4.2,5.1,21.1,21.8
230,Oklahoma City Thunder,2011-12,47,19,103.1,37.3,7.2,21.3,43.7,18.5,16.3,7.5,8.2,4.9,20.5,20
231,Orlando Magic,2011-12,37,29,94.2,34.5,10.2,15.1,42.5,20,14.9,6.8,4.2,4.1,17.7,19.8
232,Philadelphia 76ers,2011-12,35,31,93.6,37.4,5.3,13.5,43.2,22,11.2,8,5.2,4.8,17.5,16.2
233,Phoenix Suns,2011-12,33,33,98.4,37.8,6.7,16,41.7,22.5,14.1,6.5,5.5,4.4,18.7,19.6
234,Portland Trail Blazers,2011-12,28,38,97.2,36.4,7.2,17.2,40.7,20.4,14.2,8,4.9,4.8,19,19.8
235,Sacramento Kings,2011-12,22,44,98.8,37.7,6.2,17.1,42.9,19.3,14.4,8.5,4.9,6.4,19.5,19.9
236,San Antonio Spurs,2011-12,50,16,103.7,39.6,8.4,16.2,43,23.2,13.6,7.4,4.4,5,17.3,18.8
237,Toronto Raptors,2011-12,23,43,90.7,34.4,5.5,16.4,42,20.9,15.2,6.5,4.9,4.9,23.2,18.4
238,Utah Jazz,2011-12,36,30,99.7,38.2,4.1,19.1,44.2,21.8,14.2,8.3,5.8,5.7,21.8,20.7
239,Washington Wizards,2011-12,20,46,93.6,36.6,5.2,15.3,41.7,19.1,15.3,8,6.3,4.5,21.3,18.7
240,Atlanta Hawks,2010-11,44,38,95,36.2,6.1,16.4,39.3,22,13.6,6.1,4.2,4.2,19,18.5
241,Boston Celtics,2010-11,56,26,96.5,36.9,5,17.8,38.8,23.4,14.6,8.2,4.2,4.4,20.5,20.2
242,Charlotte Bobcats,2010-11,34,48,93.3,35,4.8,18.4,40.1,21.1,14.5,6.4,5.3,6,20,21.1
243,Chicago Bulls,2010-11,62,20,98.6,37.1,6.2,18.2,44.2,22.3,14.2,7.2,5.7,5.8,20,20.1
244,Cleveland Cavaliers,2010-11,19,63,95.5,35.2,6.2,18.9,40.3,21,14.2,6.6,4.2,6,20.1,21.3
245,Dallas Mavericks,2010-11,57,25,100.2,37.4,7.9,17.5,41.4,23.8,14,6.8,4.3,3.7,19.2,20.1
246,Denver Nuggets,2010-11,50,32,107.5,38.4,8.1,22.7,42,22.1,14.1,7.4,4.3,6,21,22.7
247,Detroit Pistons,2010-11,30,52,97,37.3,5.8,16.7,38.6,21.1,13,7.3,4,4.6,19.9,18.8
248,Golden State Warriors,2010-11,36,46,103.4,39.6,8.4,15.7,40.5,22.5,14.6,9,5,4.3,22,18.4
249,Houston Rockets,2010-11,43,39,105.9,38.7,8.3,20.3,42.8,23.8,13.5,7.1,4.5,5.5,20,21.4
250,Indiana Pacers,2010-11,37,45,99.8,36.6,7.1,19.4,43.5,19.6,15.4,7.1,5.6,5.7,21.7,21.4
251,Los Angeles Clippers,2010-11,32,50,98.6,36.8,6.3,18.9,42.1,22.1,16.4,7.1,4.9,4.9,21.1,22.1
252,Los Angeles Lakers,2010-11,57,25,101.5,38.1,6.4,18.8,44,22,13.1,7.3,5.1,4.5,19,20.7
253,Memphis Grizzlies,2010-11,46,36,99.9,39,3.8,18.1,41,20.6,14,9.4,5.4,6.2,20.8,21.4
254,Miami Heat,2010-11,58,24,102.1,37,6.7,21.5,42.1,20,13.9,6.6,5.2,3,20.4,21.8
255,Milwaukee Bucks,2010-11,35,47,91.9,34.3,5.9,17.4,40.8,18.8,13.5,7.5,4.9,4.8,20.5,20.7
256,Minnesota Timberwolves,2010-11,17,65,101.1,37.7,7.2,18.5,44.4,20.1,17,7.2,5.1,5.5,22.3,20.9
257,New Jersey Nets,2010-11,24,58,94.2,35.6,5.6,17.4,40.8,21,14,5.6,4.7,4.6,22,20
258,New Orleans Hornets,2010-11,46,36,94.9,35.9,5.4,17.7,40.1,20.6,13,7.6,4.4,4.8,21,20.4
259,New York Knicks,2010-11,42,40,106.5,38.3,9.3,20.6,40.5,21.4,13.7,7.6,5.8,4.4,21.3,20.8
260,Oklahoma City Thunder,2010-11,55,27,104.8,37.4,5.9,24.1,42.8,20.4,14.1,8,5.9,4.3,22.4,21.5
261,Orlando Magic,2010-11,52,30,99.2,36,9.4,17.7,43.2,20,14.9,6.7,4.7,3.8,20,21.8
262,Philadelphia 76ers,2010-11,41,41,99,38.1,5.4,17.4,41.8,22.7,13,7.6,4.3,4.6,19.4,18.8
263,Phoenix Suns,2010-11,40,42,105,39.3,8.5,18,40.2,23.7,14.3,6.6,4.4,4.3,20.3,21.2
264,Portland Trail Blazers,2010-11,48,34,96.3,36,6.3,18,39.3,21.2,13,8,4.4,4.1,19.3,21.3
265,Sacramento Kings,2010-11,24,58,99.4,38.2,5.2,17.7,43.9,20.4,16.1,7.4,4.8,5.7,22,21
266,San Antonio Spurs,2010-11,61,21,103.7,38.4,8.4,18.5,41.9,22.4,13.4,7.3,4.5,4.6,19,20.7
267,Toronto Raptors,2010-11,22,60,99.1,38.3,4.2,18.2,40.3,21.9,14.7,7.1,4.3,5.6,22,19.8
268,Utah Jazz,2010-11,39,43,99.4,37.4,5.3,19.4,39.5,23.4,14.3,7.7,5.9,5,22.7,22
269,Washington Wizards,2010-11,23,59,97.3,37.2,4.8,18.2,41.3,19.4,15.3,8.1,6.1,5,22.6,20.3
270,Atlanta Hawks,2009-10,53,29,101.7,38.8,6.4,17.7,41.7,21.8,12,7.2,5,4.4,19.9,19.3
271,Boston Celtics,2009-10,50,32,99.2,37.1,6.1,19,38.6,23.5,14.9,8.5,4.9,4.7,22.1,21.7
272,Charlotte Bobcats,2009-10,44,38,95.3,34.9,5.6,20,40.8,20.2,15.7,7.7,5.4,6.1,19.5,22
273,Chicago Bulls,2009-10,41,41,97.5,37.6,4.3,18,44.5,20.8,14.3,6.5,5.8,5.3,20.1,20
274,Cleveland Cavaliers,2009-10,61,21,102.1,37.8,7.3,19.1,42.5,22.4,13.9,6.9,5.2,4,19.4,20.8
275,Dallas Mavericks,2009-10,55,27,102,38.3,6.8,18.6,41.7,23.4,12.9,7.6,5.5,4.1,19.1,20.1
276,Denver Nuggets,2009-10,53,29,106.5,38.1,6.6,23.6,41.4,21,13.9,8.3,5.1,5.3,22.5,23.7
277,Detroit Pistons,2009-10,27,55,94,35.9,4.6,17.7,40.2,19.4,13.4,7.3,3.8,4.9,22.2,20.8
278,Golden State Warriors,2009-10,26,56,108.8,40.6,7.7,19.9,38.4,22.4,14.7,9.3,4.1,5,23,21.4
279,Houston Rockets,2009-10,42,40,102.4,37.7,7.9,19,42,21.8,14.5,7.1,3.9,6.5,20.9,22.4
280,Indiana Pacers,2009-10,32,50,100.8,36.8,8,19.1,41.5,21.1,15,7.1,5.4,5,22.5,20.8
281,Los Angeles Clippers,2009-10,29,53,95.7,36.6,5.9,16.6,41.8,22.1,15.7,6.5,5.7,4.4,19.3,19.4
282,Los Angeles Lakers,2009-10,57,25,101.7,38.3,6.5,18.5,44.3,21.1,13.4,7.5,4.9,4.4,19.4,21.2
283,Memphis Grizzlies,2009-10,40,42,102.5,39.3,4.2,19.7,43.5,18.8,15.2,7.9,4.9,6.1,20.2,22.4
284,Miami Heat,2009-10,47,35,96.5,36.4,6,17.7,41.8,18.9,13.2,7.4,5.6,4.3,20.9,20
285,Milwaukee Bucks,2009-10,46,36,97.7,37.2,7.9,15.4,43,21.2,13.2,7.1,4.7,5.1,22.2,20.3
286,Minnesota Timberwolves,2009-10,15,67,98.2,37.9,4.9,17.5,42.9,19.8,16.3,7.3,3.7,5.4,20.7,20.6
287,New Jersey Nets,2009-10,12,70,92.4,34.3,4.6,19.2,39.7,18.8,14.4,7,4.8,5.1,20,20.1
288,New Orleans Hornets,2009-10,37,45,100.2,38.8,7,15.8,40.3,22.3,13.5,7.6,3.7,4.5,19.6,19.5
289,New York Knicks,2009-10,29,53,102.1,38.1,9.1,16.8,40.4,21.6,14,7.1,3.7,4.5,20,19.2
290,Oklahoma City Thunder,2009-10,50,32,101.5,37.4,5.1,21.7,43.5,20,15,8,5.9,4.7,21.3,21.4
291,Orlando Magic,2009-10,59,23,102.8,36.6,10.3,19.2,43.2,19.7,14.1,6.2,5.6,3.5,19.9,22.2
292,Philadelphia 76ers,2009-10,27,55,97.7,37.6,5.8,16.7,41,21,14.5,8.1,5.4,4,20.5,18.7
293,Phoenix Suns,2009-10,54,28,110.2,40.7,8.9,19.9,43,23.3,14.8,5.8,5.1,4.5,20.9,21.8
294,Portland Trail Blazers,2009-10,50,32,98.1,36.3,6,19.6,40.2,20.4,12.3,6.4,4.3,4.1,20.9,21.5
295,Sacramento Kings,2009-10,25,57,100,38.3,5.9,17.4,42.6,20.5,15,6.9,4.5,5.7,22.3,20.1
296,San Antonio Spurs,2009-10,50,32,101.4,38.4,6.8,17.8,42.8,22.3,13.6,6.3,4.6,5.1,20.4,20.4
297,Toronto Raptors,2009-10,40,42,104.1,39,6.3,19.7,40.4,22,13.4,5.7,4.7,4.4,22.2,21.1
298,Utah Jazz,2009-10,53,29,104.2,39.4,5.4,20.2,42.2,26.7,15.2,8.2,4.9,5.4,22.7,22.2
299,Washington Wizards,2009-10,26,56,96.2,36.7,5.3,17.6,41.8,19,14.9,6,5.1,5.1,21.4,20.5
300,Atlanta Hawks,2008-09,47,35,98.1,36,7.3,18.7,40,20.2,12.8,7.4,4.6,4.3,19.6,20.5
301,Boston Celtics,2008-09,62,20,100.9,37.5,6.6,19.4,42.1,22.7,15.6,7.6,4.7,4.7,23.1,22.2
302,Charlotte Bobcats,2008-09,35,47,93.6,35,6,17.7,39.7,21.2,15.6,7.1,4.8,6,21.4,20.9
303,Chicago Bulls,2008-09,41,41,102.2,38.1,6,19.9,42.1,21.1,14.5,7.5,5.5,5.5,20.8,20.8
304,Cleveland Cavaliers,2008-09,66,16,100.3,36.9,8,18.6,42.2,20.3,12.7,7.2,5.3,4.1,20.3,20.3
305,Dallas Mavericks,2008-09,50,32,101.7,38.1,7,18.5,42.7,21.7,12.7,7.2,5.2,4.1,19.5,20.1
306,Denver Nuggets,2008-09,54,28,104.3,37.3,6.7,23.1,41.6,22.2,15.3,8.7,6,5.5,22.9,23.7
307,Detroit Pistons,2008-09,39,43,94.2,36.4,4.6,16.9,41.4,20.6,11.9,6,4.6,4.2,20.9,19.7
308,Golden State Warriors,2008-09,29,53,108.6,39.4,6.7,23.1,42,20.9,14.6,7.8,6.4,5,22.5,23.5
309,Houston Rockets,2008-09,53,29,98.4,36.1,7.6,18.7,43,20.3,14.1,6.7,4.3,5.3,18.9,20.6
310,Indiana Pacers,2008-09,36,46,105.1,39.3,8,18.6,43.7,21.6,14.5,7,5.3,5.4,23.1,20.6
311,Los Angeles Clippers,2008-09,19,63,95.1,36,6.5,16.5,39.8,21,14.9,7,5.9,5,20.1,19.6
312,Los Angeles Lakers,2008-09,65,17,106.9,40.3,6.7,19.6,43.9,23.3,13.5,8.8,5.1,4.8,20.7,22.1
313,Memphis Grizzlies,2008-09,24,58,93.9,34.9,4.9,19.1,38.8,17.4,15.3,7.5,4.7,5.4,21.7,21.8
314,Miami Heat,2008-09,43,39,98.3,37,7.1,17.2,39.5,20.4,12.5,7.9,5.5,4.1,20.7,19.9
315,Milwaukee Bucks,2008-09,34,48,99.3,36.7,6.2,19.7,40.7,22,14.1,7.4,3.8,4.6,24.2,22.5
316,Minnesota Timberwolves,2008-09,24,58,97.8,36.4,6.6,18.3,41.7,20.4,14.2,6.2,3.9,5.9,21.8,20
317,New Jersey Nets,2008-09,34,48,98.1,35.7,8,18.8,39.8,20,13.1,6.8,4.8,4.8,22.4,20.5
318,New Orleans Hornets,2008-09,49,33,95.8,35.5,6.8,18,39.7,19.6,12.5,7.2,4.1,3.5,20.3,20.4
319,New York Knicks,2008-09,32,50,105.2,38.5,10,18.2,42.1,21.2,14.3,7.4,2.5,5.3,20.4,19.4
320,Oklahoma City Thunder,2008-09,23,59,97,36.6,4,19.8,42.6,20.3,16.2,7.4,4.5,5,20.2,20.2
321,Orlando Magic,2008-09,59,23,101,35.7,10,19.6,43.3,19.4,13.9,7,5.4,3.8,20.3,22.4
322,Philadelphia 76ers,2008-09,41,41,97.4,36.5,4.2,20.1,41.2,20.1,14.1,8,5.1,4.9,20.1,21.8
323,Phoenix Suns,2008-09,46,36,109.4,41.1,6.7,20.4,41.7,23.2,15.7,7.2,5.1,4.5,20.6,22.9
324,Portland Trail Blazers,2008-09,54,28,99.4,36.8,7.3,18.5,41.7,20.3,12.9,6.7,4.9,3.9,20.4,21.1
325,Sacramento Kings,2008-09,17,65,100.6,36.5,7.1,20.5,39.1,19.7,15.4,6.9,4.3,5.2,23.3,21.2
326,San Antonio Spurs,2008-09,54,28,97,37.1,7.6,15.2,41,21.2,11.7,5.8,4,4.3,18.9,18.4
327,Toronto Raptors,2008-09,33,49,99,37.2,5.8,18.7,40.4,22.4,13.4,6.4,4.8,4.7,19.4,20.1
328,Utah Jazz,2008-09,48,34,103.6,38.3,4.8,22.1,41,24.7,14.8,8.8,4.6,5.2,22.3,24
329,Washington Wizards,2008-09,19,63,96.1,36.5,4.8,18.2,40.1,20,14,7.5,4.5,5.3,20.5,20
330,Atlanta Hawks,2007-08,37,45,98.2,36.3,4.7,21,42.2,22,14.9,7.3,5.5,5.1,20.4,21.9
331,Boston Celtics,2007-08,66,16,100.5,36.4,7.3,20.5,42,22.4,15.2,8.5,4.6,4.7,22.7,22.2
332,Charlotte Bobcats,2007-08,32,50,97.1,36.1,6.5,18.4,40.6,21.3,14.7,7.5,4.9,5.8,21.7,21
333,Chicago Bulls,2007-08,33,49,97.3,36.4,5.8,18.7,43,22.1,14.6,7.7,5.2,5.7,21.8,21.3
334,Cleveland Cavaliers,2007-08,45,37,96.4,35.8,6.7,18,44.6,20,14,7.1,5.2,4.7,20.9,20.3
335,Dallas Mavericks,2007-08,51,31,100.4,36.9,6,20.6,43,21,12.6,6,4.9,4.4,21.8,21.2
336,Denver Nuggets,2007-08,50,32,110.7,40.3,6.9,23.1,44.1,24.7,14.7,9.2,6.7,4.8,21.1,23.8
337,Detroit Pistons,2007-08,59,23,97.5,36.6,5.9,18.4,41.4,22.3,11.7,7.1,5.8,3.9,20.6,19.7
338,Golden State Warriors,2007-08,48,34,111,41.5,9.3,18.8,43.2,22.4,13.2,9.1,4.6,5,22.9,21.2
339,Houston Rockets,2007-08,55,27,96.7,36.6,7.1,16.4,44.6,21.4,13.7,7.3,5.1,4.6,19.6,19.7
340,Indiana Pacers,2007-08,36,46,104,37.8,9.2,19.1,43.1,22.7,15.1,7.6,5,5.1,23.4,21.7
341,Los Angeles Clippers,2007-08,23,59,93.8,34.4,4.3,20.8,40.1,21.1,14.4,6.8,4.9,4.7,21.3,21.6
342,Los Angeles Lakers,2007-08,57,25,108.6,39.6,8.1,21.3,44.1,24.4,14.1,8,5.3,4.5,20.6,22.6
343,Memphis Grizzlies,2007-08,22,60,100.7,37.3,7.6,18.5,41.6,19.2,15.3,6.1,4.7,4.9,19.4,22.5
344,Miami Heat,2007-08,15,67,91.4,34.2,6,16.9,37.6,20,14.7,7.2,4.3,4.2,20.4,20.1
345,Milwaukee Bucks,2007-08,26,56,97,36.9,5.5,17.7,41.7,21.5,14.8,6.6,4.4,4.9,21.3,21.1
346,Minnesota Timberwolves,2007-08,22,60,95.6,37.5,5.4,15.2,41.4,19.9,14.5,7.5,3.7,5.7,23,17.5
347,New Jersey Nets,2007-08,34,48,95.8,34.8,6.1,20.1,41.9,23.5,15,6.4,4.8,4.4,22.6,22.4
348,New Orleans Hornets,2007-08,56,26,100.9,38.6,7.7,16,41.8,21.8,11.9,7.8,3.9,4,18.7,19.2
349,New York Knicks,2007-08,23,59,96.9,36.2,6,18.6,42.5,18.7,14.5,6.4,2.6,5.2,21.5,20.3
350,Orlando Magic,2007-08,52,30,104.5,37.3,9.8,20.1,42,20.8,14.3,6.3,4.1,4.2,20.6,23.1
351,Philadelphia 76ers,2007-08,40,42,96.6,37.3,3.7,18.4,41.9,20.4,14.3,8.7,4.9,5.1,19.8,20.8
352,Phoenix Suns,2007-08,55,27,110.1,41.4,8.5,18.9,41.5,26.7,14.4,6.5,6.3,3.8,19.9,21.1
353,Portland Trail Blazers,2007-08,41,41,95.4,35.8,6.6,17.2,40.7,21.1,12.9,5.5,4.4,3.7,20,20.2
354,Sacramento Kings,2007-08,38,44,102.5,37.1,6.2,22.1,40.1,19.1,16.1,7.9,4.1,5.5,22.4,23.1
355,San Antonio Spurs,2007-08,56,26,95.4,35.8,7.2,16.5,41.3,21,12.6,6.4,4.1,4.4,18.7,19.8
356,Seattle SuperSonics,2007-08,20,62,97.5,38.1,3.8,17.5,44.6,21.3,16,6.5,4.9,5.4,20.5,19.6
357,Toronto Raptors,2007-08,41,41,100.2,38.4,7,16.4,40.1,23.8,11.7,7,4.1,4.1,19.5,18.4
358,Utah Jazz,2007-08,54,28,106.2,40,5,21.3,40.9,26.4,14.6,8.7,4.3,5.1,24,23.1
359,Washington Wizards,2007-08,43,39,98.8,36.4,7,19,41.6,19.6,13.2,7.7,4.8,4.4,19.6,20.2
360,Atlanta Hawks,2006-07,30,52,93.7,34.5,4.2,20.5,40.1,19.2,15.9,7.4,5.4,5.1,24,22.6
361,Boston Celtics,2006-07,24,58,95.8,34.9,5.7,20.4,40.4,19.9,16.5,7.2,4.7,5.5,24,21.4
362,Charlotte Bobcats,2006-07,33,49,96.9,36.1,5.6,19.1,39.8,22.4,14.9,7.8,4.5,5.3,24.2,21.8
363,Chicago Bulls,2006-07,49,33,98.8,37.1,5.9,18.6,43.7,22.3,16,7.8,5.4,5.3,23.3,23.2
364,Cleveland Cavaliers,2006-07,50,32,96.8,36.3,6,18.1,43.5,20.8,14.4,7.6,4.3,4.3,21.7,22
365,Dallas Mavericks,2006-07,67,15,100,36.7,6.5,20.1,41.9,19.9,13.9,6.8,5,3.8,22.4,22.1
366,Denver Nuggets,2006-07,45,37,105.4,38.6,5.9,22.3,43.4,23.4,16.5,8.3,5.3,5.2,21.4,23.7
367,Detroit Pistons,2006-07,53,29,96,35.9,5.5,18.8,40.5,21.6,12.2,7.1,5.8,3.5,20.4,20.3
368,Golden State Warriors,2006-07,42,40,106.5,39.8,8.5,18.5,41.4,23.8,16,9.1,5.7,4.9,23.6,22.3
369,Houston Rockets,2006-07,52,30,97,35.4,8.6,17.5,43.3,20.8,14.2,7.1,4.1,4.3,20.9,19.9
370,Indiana Pacers,2006-07,35,47,95.6,35,5.9,19.7,41.8,20.5,16.3,7.3,5.5,5,23.3,23.7
371,Los Angeles Clippers,2006-07,40,42,95.6,35.1,3.8,21.6,41.1,21.5,15.1,7.3,5.8,3.9,22.7,22.3
372,Los Angeles Lakers,2006-07,42,40,103.3,37.8,7.4,20.2,41.2,22.6,15.5,7.3,5.1,5,23,23.4
373,Memphis Grizzlies,2006-07,22,60,101.6,36.6,6.1,22.4,39.5,20.5,16.4,6.9,5,5.5,22.3,24.3
374,Miami Heat,2006-07,44,38,94.6,35.6,6.4,17,40.8,20.5,14.6,6.9,5.4,3.8,21.3,21.8
375,Milwaukee Bucks,2006-07,28,54,99.7,38.1,6.4,17.1,39.2,21.6,15.1,7.2,2.7,5.3,22.2,21
376,Minnesota Timberwolves,2006-07,32,50,96.1,36.5,4.7,18.3,40.1,22.5,15.6,6.5,4,4.4,21.4,20.5
377,New Jersey Nets,2006-07,41,41,97.6,35.5,7.4,19.1,40.8,23.9,14.8,6.1,3.3,4.5,22.8,23
378,New Orleans/Oklahoma City Hornets,2006-07,39,43,95.5,36.2,5.5,17.5,43.1,18.7,14.5,6.4,4.2,4.8,19.8,21.1
379,New York Knicks,2006-07,33,49,97.5,35.4,5.8,20.9,43.3,18.7,17.1,6.6,3.2,5,23.6,22.9
380,Orlando Magic,2006-07,40,42,94.8,35.1,4.2,20.5,40.7,18.6,17,6.9,5.1,4.6,23.2,23.4
381,Philadelphia 76ers,2006-07,35,47,94.9,35.8,3.5,20,39.7,20.4,15.3,7.2,4.8,3.9,20.4,22
382,Phoenix Suns,2006-07,61,21,110.2,41.3,9.6,18,40.5,25.9,14.5,6.7,4.8,3.7,20.2,21.5
383,Portland Trail Blazers,2006-07,32,50,94.1,35,5.2,18.8,39.3,18.5,15.1,6.8,4.6,4.6,23.5,21.3
384,Sacramento Kings,2006-07,33,49,101.3,35.9,6.5,23.1,38.9,20.3,14.6,8.2,3.2,4.9,21.9,24.3
385,San Antonio Spurs,2006-07,58,24,98.5,36.6,7.3,18.1,40.7,22.1,13.9,7.2,5.1,4.1,19.4,21.2
386,Seattle SuperSonics,2006-07,31,51,99.1,37.2,6.4,18.4,39.6,20.7,15.5,7.7,3.7,4.2,22,19.9
387,Toronto Raptors,2006-07,47,35,99.5,37,6.5,19,39.5,22.2,13.5,7.1,3.9,3.9,20.4,21.8
388,Utah Jazz,2006-07,51,31,101.5,37.4,4.3,22.3,42.5,24.7,15.6,7,4.1,5.3,25.2,24.5
389,Washington Wizards,2006-07,41,41,104.3,37.4,6.8,22.6,41.2,20.2,13.8,7.7,4.6,4.6,22.2,23.5
390,Atlanta Hawks,2005-06,26,56,97.2,35.9,5.2,20.2,40.3,19.8,15.7,7.2,4.8,5.1,25,22.6
391,Boston Celtics,2005-06,33,49,98,36,5.7,20.3,39.6,20.9,16.6,7,5.1,4.9,24.8,22.4
392,Charlotte Bobcats,2005-06,26,56,96.9,36.1,5.2,19.4,39.8,20.9,14.2,10,4.3,5.4,23.9,23.5
393,Chicago Bulls,2005-06,41,41,97.8,36.6,6.8,17.7,42.8,22,14.9,6.2,4.2,5.1,24.9,23
394,Cleveland Cavaliers,2005-06,50,32,97.6,35.5,6.1,20.6,42.3,19,13.9,6.9,4.8,4.4,21.1,22.5
395,Dallas Mavericks,2005-06,60,22,99.1,36,5.1,22.2,42.2,18,13.6,7.2,6,4.9,22.4,23.6
396,Denver Nuggets,2005-06,44,38,100.3,37.5,4.3,21,41.3,23.4,14.8,8.5,5.6,5.3,22.7,23.3
397,Detroit Pistons,2005-06,64,18,96.8,36.4,6.8,17.3,40.5,24,11.4,7.1,6,3.5,18.5,20.9
398,Golden State Warriors,2005-06,34,48,98.5,35.8,7.6,19.2,42.3,20.7,14.1,7.4,4.3,5,23.7,23.4
399,Houston Rockets,2005-06,34,48,90.1,33,5.7,18.3,41.6,19.3,14.5,7.2,3.9,4.5,22.7,20.9
400,Indiana Pacers,2005-06,41,41,93.9,34,6.5,19.4,42.2,19.9,15.3,7.3,5,4.9,22.2,22
401,Los Angeles Clippers,2005-06,47,35,97.2,36.5,3.5,20.7,43.1,20.8,14.5,6.5,6.1,4.3,22.8,21.7
402,Los Angeles Lakers,2005-06,45,37,99.4,36.5,6.7,19.7,42.2,21.1,13.9,7.7,4.3,4.3,23.1,23.5
403,Memphis Grizzlies,2005-06,49,33,92.2,33.5,7.2,18,39.2,19.3,13.8,7.3,5.4,5.6,21.4,22.8
404,Miami Heat,2005-06,52,30,99.9,37.1,6.1,19.7,43.1,20.6,14.5,6.4,5.4,3.6,22.8,23.6
405,Milwaukee Bucks,2005-06,40,42,97.8,36.3,6.2,19,41.2,21.6,14.6,7.3,3.3,5,23.2,23.6
406,Minnesota Timberwolves,2005-06,33,49,91.7,35.2,3.8,17.5,39.4,20.9,14.5,6.8,5.7,4.6,23,21.2
407,New Jersey Nets,2005-06,49,33,93.8,33.9,5.8,20.2,41,23,13.6,6.8,3.4,4,23.2,23
408,New Orleans/Oklahoma City Hornets,2005-06,38,44,92.8,34.5,3.7,20.1,40.2,18.5,13.4,7.5,3.8,5.3,21.8,23.3
409,New York Knicks,2005-06,23,59,95.6,34.4,3.9,22.9,41.4,17.9,17.7,6.8,3.3,5.3,26.3,25
410,Orlando Magic,2005-06,36,46,94.9,35.5,3.6,20.3,40.2,18.2,15.1,6.5,4.4,4.7,23.3,23.2
411,Philadelphia 76ers,2005-06,38,44,99.4,36.6,4.6,21.6,40.2,20.2,14.1,7.9,4.9,4.7,20.9,23.1
412,Phoenix Suns,2005-06,54,28,108.4,41.8,10.2,14.5,41.8,26.6,13.3,6.7,5,3.4,20.5,19.8
413,Portland Trail Blazers,2005-06,21,61,88.8,34,4.4,16.3,37.7,18.2,14.7,6.5,5.3,4.9,22.3,20.8
414,Sacramento Kings,2005-06,44,38,98.9,36,6,20.8,40.5,22.3,14.6,7.4,3.6,4.9,20.4,22.8
415,San Antonio Spurs,2005-06,63,19,95.6,36.5,6.4,16.2,41.5,20.9,13.7,6.6,5.7,4.2,20.9,20.6
416,Seattle SuperSonics,2005-06,35,47,102.6,37.5,7.4,20.1,39.6,20.7,14.7,7.6,3.7,4.9,23.6,22.2
417,Toronto Raptors,2005-06,27,55,101.1,36.7,7.4,20.2,38.5,19.4,13.1,6.5,3.3,4.4,24,22.4
418,Utah Jazz,2005-06,41,41,92.4,33.5,3.8,21.6,42.1,21.6,15.7,6.4,6,5.6,24.8,25.7
419,Washington Wizards,2005-06,42,40,101.7,36.3,6.1,23,41.2,18.6,13.9,8,4.1,4.2,22.6,25
420,Atlanta Hawks,2004-05,13,69,92.7,35.9,3.7,17.3,41.9,19.7,16.1,7.7,4.2,5.9,24.5,0
421,Boston Celtics,2004-05,45,37,101.3,37.1,5.3,21.6,40.8,22.1,15.8,8.1,5.2,4.9,24.4,0
422,Charlotte Bobcats,2004-05,18,64,94.3,36.1,3.9,18.1,41.7,21.9,14.5,8.5,5.4,5.4,23.1,0
423,Chicago Bulls,2004-05,47,35,94.5,34.7,6.2,18.7,43.8,21.3,16.7,7,4.5,5.3,24.7,0.1
424,Cleveland Cavaliers,2004-05,42,40,96.5,36.5,3.7,19.9,42.3,22.6,13.9,8,5.6,5.1,22.6,0
425,Dallas Mavericks,2004-05,58,24,102.5,37.3,5.6,22.3,42.9,19.6,13.4,8.6,5.6,4.9,22.3,0
426,Denver Nuggets,2004-05,49,33,99.5,37,3.9,21.5,42,23.9,14.9,9.1,6,5.6,22.9,0.1
427,Detroit Pistons,2004-05,54,28,93.3,34.8,4.4,19.4,43.4,21.8,13.8,7,6.1,4.5,20,0
428,Golden State Warriors,2004-05,34,48,98.7,36.9,7.6,17.2,42.7,22.1,13.6,7.8,5.1,5.1,22.4,0
429,Houston Rockets,2004-05,51,31,95.1,34.7,6.7,18.9,42.4,21.1,13.8,6.9,4.6,4.1,22,0
430,Indiana Pacers,2004-05,44,38,93,32.5,6.6,21.3,40.1,18.2,14.3,7.5,4.4,4.9,23,0.1
431,Los Angeles Clippers,2004-05,37,45,95.7,35.7,2.8,21.6,41.9,23.2,15.7,7.3,5.1,4.8,22.2,0
432,Los Angeles Lakers,2004-05,34,48,98.7,35.3,7.9,20.3,43.2,20.4,14.3,6.2,4.2,5.1,21.9,0
433,Memphis Grizzlies,2004-05,45,37,93.4,34.2,6.5,18.6,39,20.9,14.6,8.5,5.8,5.8,23.3,0
434,Miami Heat,2004-05,59,23,101.5,37.8,5.8,20.2,43,21.8,13.7,6.4,5.8,3.2,22.1,0
435,Milwaukee Bucks,2004-05,30,52,97.2,36.1,4,21,41.3,21,13.8,6.5,3.5,4.5,21.9,0.1
436,Minnesota Timberwolves,2004-05,44,38,96.8,37.1,4.8,17.7,43,23.4,13.2,5.6,5.5,3.9,21.6,0
437,New Jersey Nets,2004-05,42,40,91.4,33.6,5.3,19,39.5,21.6,14.2,7.9,3.8,4.9,24.2,0
438,New Orleans Hornets,2004-05,18,64,88.4,33.1,5.1,17.1,40.2,21,14.8,6.7,3.8,5.5,23,0
439,New York Knicks,2004-05,33,49,97.3,36.3,5.4,19.3,41,20.3,14.7,7.7,3.2,4.7,23.7,0.1
440,Orlando Magic,2004-05,36,46,99.5,37,3.9,21.6,43.7,19.3,16.1,7.7,5.4,4.3,23.6,0
441,Philadelphia 76ers,2004-05,43,39,99.1,35.9,6.2,21.1,42,20.9,15.5,9.2,3.9,4.7,22.9,0
442,Phoenix Suns,2004-05,62,20,110.4,40.9,9.7,19,44.1,23.5,13.7,7,5.5,4.2,19.1,0
443,Portland Trail Blazers,2004-05,27,55,92.9,35.3,5.1,17.2,41.1,21,16,7.1,6.6,5,20.8,0.1
444,Sacramento Kings,2004-05,50,32,103.7,39.1,6.4,19.2,42.4,24.5,13.1,8.2,3.9,4.5,20.5,0
445,San Antonio Spurs,2004-05,59,23,96.2,35.6,6.2,18.7,42.4,21.6,13.7,7.5,6.6,5.1,20.9,0
446,Seattle SuperSonics,2004-05,52,30,98.9,35.1,8.1,20.5,40.9,18.1,13.6,6.7,4.1,4.8,23.7,0.1
447,Toronto Raptors,2004-05,33,49,99.7,36,7.9,19.8,40.1,20.4,13.3,7.6,3.9,4.4,22.9,0
448,Utah Jazz,2004-05,26,56,93,34.5,3,21,40.1,22.3,15.8,6.6,4.6,5.8,26.7,0
449,Washington Wizards,2004-05,45,37,100.5,36.2,6.3,21.9,42.8,19.1,14.3,8.7,4.2,5,22,0
450,Atlanta Hawks,2003-04,28,54,92.8,34.5,5.1,18.7,42.7,20.1,16.5,7.6,5,5.1,22.3,0
451,Boston Celtics,2003-04,36,46,95.3,34.7,6.7,19.2,40.1,20.5,16.2,9.4,4,5,22.4,0
452,Chicago Bulls,2003-04,23,59,89.7,34.1,5.2,16.2,43.5,21.9,16.1,8,4.8,5.4,23.3,0
453,Cleveland Cavaliers,2003-04,35,47,92.9,35.6,3,18.6,45.6,22,14.8,7.1,6.5,5.3,21.3,0
454,Dallas Mavericks,2003-04,52,30,105.2,40.5,6.2,18,45.3,23.9,12.2,8,5.3,4.7,19.6,0
455,Denver Nuggets,2003-04,43,39,97.2,36.5,4,20.2,42.3,21.9,15.6,9.1,6.3,5.8,22,0.1
456,Detroit Pistons,2003-04,54,28,90.1,33.5,4.1,19,42.8,20.8,15.1,8,7,5,20.3,0
457,Golden State Warriors,2003-04,37,45,93.3,35.1,5.2,17.9,43.1,20.5,14.8,7,4.7,5.1,20.6,0
458,Houston Rockets,2003-04,45,37,89.8,33.4,6.3,16.7,42.6,19.3,16.7,6.8,5.4,4.4,21.5,0
459,Indiana Pacers,2003-04,61,21,91.4,33.6,5.5,18.8,41.7,21.6,14.4,8.9,5,6.2,20.8,0.1
460,Los Angeles Clippers,2003-04,28,54,94.8,34.4,4,22,43.5,20.2,16.4,7.2,4.6,5.3,22.1,0
461,Los Angeles Lakers,2003-04,56,26,98.2,36.9,4.5,19.9,43.1,23.8,13.8,8.3,4.6,3.8,21.1,0.1
462,Memphis Grizzlies,2003-04,50,32,96.7,36.1,5.5,19,41.8,23.4,15,9.7,6.9,5.6,23.2,0
463,Miami Heat,2003-04,42,40,90.3,33.3,5.9,17.8,41.5,19.1,13.9,7.2,3.8,5.4,22.1,0
464,Milwaukee Bucks,2003-04,41,41,98,36.2,4.9,20.7,42.2,22.8,13.5,6.8,4.7,5,20.3,0
465,Minnesota Timberwolves,2003-04,58,24,94.5,37,4,16.6,42.9,23,12.7,6.8,5.6,3.6,21.1,0.1
466,New Jersey Nets,2003-04,47,35,90.3,34.3,4.6,17,40.7,24.5,14.7,8.6,3.9,4.6,21,0.1
467,New Orleans Hornets,2003-04,41,41,91.8,33.8,6.5,17.7,42.8,20.9,15,8.6,4.2,5.2,20.9,0.1
468,New York Knicks,2003-04,39,43,92,35.1,5,16.8,42.6,20.7,15.7,7.4,4.8,4.7,23.1,0
469,Orlando Magic,2003-04,21,61,94,35.4,5.2,18,40.9,19.3,13.7,6.7,3.8,5.5,21.3,0
470,Philadelphia 76ers,2003-04,33,49,88,32.7,4.1,18.4,40.8,20,15.9,8,4.4,5.6,20.7,0
471,Phoenix Suns,2003-04,29,53,94.2,36.1,5.1,17,40.6,19.3,15.2,9,4.7,5.3,22.7,0
472,Portland Trail Blazers,2003-04,41,41,90.7,35.3,4.6,15.4,41.7,21.6,14.8,7.5,5.4,4.8,19,0
473,Sacramento Kings,2003-04,55,27,102.8,37.8,7.3,19.8,41.2,26.2,13.9,8.7,4,5,19.3,0
474,San Antonio Spurs,2003-04,57,25,91.5,34.7,5,17.2,45.1,20.4,14.7,8.1,6.5,4.6,20.3,0
475,Seattle SuperSonics,2003-04,37,45,97.1,35.8,8.8,16.6,39.3,21.7,14.5,8.1,4.7,4.7,21.8,0.1
476,Toronto Raptors,2003-04,33,49,85.4,32.4,5.6,15.1,39.6,19.2,14.2,7.4,4.9,4.1,21.3,0
477,Utah Jazz,2003-04,42,40,88.7,32.8,3.1,20,41.2,20.4,16.6,7.1,6,6.5,25.6,0.1
478,Washington Wizards,2003-04,25,57,91.8,33.6,5.3,19.3,42.8,18.7,17.5,8.9,5,5.5,20.9,0
479,Atlanta Hawks,2002-03,35,47,94.1,34.9,4.9,19.4,42.6,20.5,16.7,7.5,5.8,5,21.7,0.1
480,Boston Celtics,2002-03,44,38,92.7,32.9,8.8,18,40.5,19.2,14,8.8,3.7,4.5,21.4,0
481,Chicago Bulls,2002-03,30,52,95,36.5,4.3,17.7,43,21.7,16.9,7.4,5.6,5,24.7,0.1
482,Cleveland Cavaliers,2002-03,17,65,91.4,34.8,3.6,18.3,44.6,20.9,18.3,7.8,6.4,6,22.7,0.1
483,Dallas Mavericks,2002-03,60,22,103,38.5,7.8,18.1,42.1,22.4,11.6,8.1,5.5,3.9,21.1,0.1
484,Denver Nuggets,2002-03,17,65,84.2,32.8,2.8,15.8,42.4,21.2,18.5,8.7,5.1,6.6,25.1,0.1
485,Detroit Pistons,2002-03,50,32,91.4,32.9,6.5,19,40.6,19.8,13.5,6.8,5.7,4.3,21.3,0.2
486,Golden State Warriors,2002-03,38,44,102.4,37.3,5.2,22.6,46.7,20.9,15.8,7.2,6.2,6,21.8,0
487,Houston Rockets,2002-03,43,39,93.8,34.6,5.4,19.1,43.8,18.4,15.6,7.2,6,4.6,19.5,0.1
488,Indiana Pacers,2002-03,48,34,96.8,35.5,4.6,21.2,44.2,23.3,14.8,8.5,5.4,6.3,22.1,0.1
489,Los Angeles Clippers,2002-03,27,55,93.8,34.6,4.8,19.9,42.3,19.6,15.7,7,5.6,5.1,21.8,0
490,Los Angeles Lakers,2002-03,50,32,100.4,37.7,5.9,19,44.3,23.3,14.5,7.8,5.7,3.8,22.9,0.1
491,Memphis Grizzlies,2002-03,28,54,97.5,37.2,5.7,17.4,41.6,23.1,15.4,7.9,6.1,5.2,20.5,0
492,Miami Heat,2002-03,25,57,85.6,32.8,4.2,15.8,41.6,18.3,14.2,7.2,4,5.3,22.6,0.1
493,Milwaukee Bucks,2002-03,42,40,99.5,37.1,7.1,18.1,39.5,22.2,12.7,7.6,4.2,4.1,22.2,0.1
494,Minnesota Timberwolves,2002-03,51,31,98.1,38.7,3.6,17.1,43.6,25.2,13.7,6.7,5.3,4.9,20.8,0
495,New Jersey Nets,2002-03,49,33,95.4,35.4,4.2,20.3,42.9,23,14.8,8.7,4.6,5.2,21.6,0.1
496,New Orleans Hornets,2002-03,47,35,93.9,35.5,4.9,17.9,43.6,22,14.8,8,4.8,5.2,21.6,0.1
497,New York Knicks,2002-03,37,45,95.9,36.2,7.4,16.1,39.2,22,14,7.1,3.1,3.8,23,0.1
498,Orlando Magic,2002-03,42,40,98.5,35.9,6.9,19.7,40.9,20.4,14.4,8.5,3.7,5,23,0.1
499,Philadelphia 76ers,2002-03,48,34,96.8,36.3,3,21.3,42.2,21.6,14.8,10.3,3.5,6.4,22,0.1
500,Phoenix Suns,2002-03,44,38,95.5,36.6,4.8,17.4,42.5,21,14.7,8.1,4.9,5.5,22,0.1
501,Portland Trail Blazers,2002-03,50,32,95.2,36.4,4.6,17.7,41.1,22.7,15.2,8.8,3.9,4.8,19.9,0.1
502,Sacramento Kings,2002-03,59,23,101.7,39.5,6,16.7,44.5,24.8,14.5,9,5.6,4.3,20.3,0
503,San Antonio Spurs,2002-03,60,22,95.8,35.5,5.5,19.4,42.6,20,15.8,7.7,6.5,5.1,20.4,0
504,Seattle SuperSonics,2002-03,40,42,92.1,35.2,5.6,16.2,40.8,21.6,13.2,8.3,3.6,5,20.9,0.1
505,Toronto Raptors,2002-03,24,58,90.9,34.7,5,16.5,41.2,19.3,14.4,7.4,4.8,5,21.5,0.1
506,Utah Jazz,2002-03,47,35,94.7,35.3,2.7,21.3,41.5,25.6,16.8,8.6,5.7,5.2,22.4,0.1
507,Washington Wizards,2002-03,37,45,91.5,34.3,3.1,19.7,40.4,19.7,13.4,7.6,4.8,4.4,20,0
508,Atlanta Hawks,2001-02,33,49,94,35.4,5.2,18.1,41.5,20.2,15.5,8.1,4.3,6.2,20.8,0.1
509,Boston Celtics,2001-02,49,33,96.4,34.8,8.5,18.3,42.2,21,13.6,9.7,3.6,5.8,21.7,0
510,Charlotte Hornets,2001-02,44,38,93.9,35.3,4.2,19.1,43.5,21.5,14,8,5.6,5.1,21.3,0.2
511,Chicago Bulls,2001-02,21,61,89.5,34.3,3.7,17.2,40,22.2,15.3,7.7,4.4,4.9,22.4,0.2
512,Cleveland Cavaliers,2001-02,29,53,95.3,36,4.7,18.6,42.1,23.1,14.6,7,5.7,5.6,21.4,0.1
513,Dallas Mavericks,2001-02,57,25,105.2,39,7.6,19.6,42.5,22.1,12.1,7.1,4.8,4.6,22.5,0.1
514,Denver Nuggets,2001-02,27,55,92.2,35.5,5.2,15.9,41.8,22.2,14.7,7.5,5.6,6.8,22.8,0.1
515,Detroit Pistons,2001-02,50,32,94.3,34.7,6.9,18,38.7,21.5,14.5,7.9,6.9,4.1,20.7,0.1
516,Golden State Warriors,2001-02,21,61,97.7,36.6,3.9,20.6,46.7,20.8,16.8,7.9,6.4,6.3,23,0.2
517,Houston Rockets,2001-02,28,54,92.3,34.6,6,17.1,41.9,18.1,14.1,6.5,5.4,5.1,18,0.1
518,Indiana Pacers,2001-02,42,40,96.8,35.8,4.9,20.3,42.7,23,15.2,8,5.3,5.7,22.9,0.2
519,Los Angeles Clippers,2001-02,39,43,95.7,36.2,5,18.3,43.4,20.9,14.8,6.2,6.6,5.4,19.8,0.1
520,Los Angeles Lakers,2001-02,58,24,101.3,38.4,6.2,18.2,44.3,23,12.7,7.6,5.8,4.3,22.2,0.1
521,Memphis Grizzlies,2001-02,23,59,89.9,34.8,4.1,16.3,41.4,21.8,16.4,7.9,6,5.6,19.2,0.1
522,Miami Heat,2001-02,36,46,87.2,34.2,3.8,15.1,42,20.3,14.8,6.7,5.5,4.3,22.5,0.2
523,Milwaukee Bucks,2001-02,41,41,97.5,37.1,7.2,16.1,41.4,22.5,14.1,7.3,4.7,4.4,21.8,0.1
524,Minnesota Timberwolves,2001-02,50,32,99.3,38.7,4.8,17.1,44.2,24.3,13.4,6.4,5.2,5,21.2,0.1
525,New Jersey Nets,2001-02,52,30,96.2,37.1,4.9,17.1,43.3,24.3,14.5,8.7,6,5.4,21.1,0.1
526,New York Knicks,2001-02,30,52,91.6,34.4,5.8,17.1,40.7,21,14.5,6.8,3.5,4.7,22,0.2
527,Orlando Magic,2001-02,44,38,100.5,37.6,7.6,17.6,41.2,22,13.6,8.1,4.7,4.7,20.7,0.1
528,Philadelphia 76ers,2001-02,43,39,91,34.2,2.6,20,44.2,20,15.3,8.6,4.4,5.6,20.1,0.2
529,Phoenix Suns,2001-02,36,46,95.1,37.8,4.4,15.2,42.7,22.4,14.7,8.1,4.9,5.8,21.8,0.1
530,Portland Trail Blazers,2001-02,49,33,96.6,36.6,5.7,17.7,43,23.5,14.3,8.6,4.5,5,19.7,0.1
531,Sacramento Kings,2001-02,61,21,104.6,39.8,5.2,19.7,45.3,23.9,13.8,9,4.6,4.7,19,0.1
532,San Antonio Spurs,2001-02,58,24,96.7,35.5,5.3,20.3,42.4,20,14.4,7.6,6.5,5.2,19.2,0.1
533,Seattle SuperSonics,2001-02,45,37,97.7,38.2,6,15.4,40.3,23.5,13.7,8.5,4.4,4.9,21.1,0.1
534,Toronto Raptors,2001-02,42,40,91.4,35.6,4.7,15.5,42.1,21.7,14.3,8.4,5.6,4.8,21.6,0.1
535,Utah Jazz,2001-02,44,38,96,35,3.4,22.6,42.2,24.4,16.5,9.1,6.4,6.7,24,0.1
536,Washington Wizards,2001-02,37,45,92.8,35.8,3.7,17.4,42,20.9,13,7,4.3,5,21.5,0.1
537,Atlanta Hawks,2000-01,25,57,91,35.1,4.1,16.8,42.9,19,16.7,7.7,4.7,6.3,22.7,0.1
538,Boston Celtics,2000-01,36,46,94.6,33.8,7.2,19.8,39.8,20.8,15.7,9.4,4.1,5.4,23.8,0
539,Charlotte Hornets,2000-01,46,36,91.9,34.1,4.1,19.5,44.4,23.2,14.4,8.1,5.5,4.6,21.4,0.1
540,Chicago Bulls,2000-01,15,67,87.6,33.2,4,17.2,38.9,22.1,15.8,8.2,4.6,5.2,23.2,0
541,Cleveland Cavaliers,2000-01,30,52,92.2,35.2,2.7,19,42.1,20.8,16.5,7.8,5.3,6.6,23.2,0.1
542,Dallas Mavericks,2000-01,53,29,100.5,37.6,6.3,18.9,41.5,21.2,13.9,7.5,6,4.6,23.3,0.1
543,Denver Nuggets,2000-01,40,42,96.6,36.3,6.2,17.7,44.2,24,13.9,6.7,6.6,6.1,22.2,0
544,Detroit Pistons,2000-01,32,50,95.6,35.6,4.7,19.6,45.5,19.9,15.9,7.5,5.5,4.8,23.8,0.1
545,Golden State Warriors,2000-01,17,65,92.5,35.8,3.4,17.4,45.5,21.8,15.9,9,5,6,21.1,0.1
546,Houston Rockets,2000-01,45,37,97.2,35.9,6.1,19.3,42,19.7,14.7,7.2,4.4,4.9,20.2,0
547,Indiana Pacers,2000-01,41,41,92.6,34.5,4.8,18.8,42.9,21.5,15.2,6.9,5.9,4.7,23.5,0.1
548,Los Angeles Clippers,2000-01,31,51,92.5,35.3,4.4,17.4,42.9,19.3,15.8,6,6.3,5,21.6,0
549,Los Angeles Lakers,2000-01,56,26,100.6,37.9,5.4,19.4,44.7,23,14.4,6.9,6,4,22.8,0.1
550,Miami Heat,2000-01,50,32,88.9,32.9,5.8,17.4,39.6,19.9,13.7,7.7,3.7,5.2,21,0.1
551,Milwaukee Bucks,2000-01,52,30,100.7,38,6.9,18,42.4,22.5,13.7,8.2,4.7,4.3,23.5,0.1
552,Minnesota Timberwolves,2000-01,47,35,97.3,38.4,3.9,16.6,42.3,25.4,13.9,8.3,5.6,4.4,23.2,0.1
553,New Jersey Nets,2000-01,26,56,92.1,33.9,4.4,19.9,39.6,19.5,14.7,7.9,5,6.4,24.2,0
554,New York Knicks,2000-01,48,34,88.7,33.6,4.8,16.8,40.2,18.5,14.5,6.6,4.2,4.1,22.7,0.1
555,Orlando Magic,2000-01,43,39,97.5,36.7,6,18,42.9,22,15.2,8.2,5.9,5.4,25.3,0.1
556,Philadelphia 76ers,2000-01,56,26,94.7,35.4,3.2,20.7,44.8,20.6,15.8,8.4,5,5.6,20.4,0
557,Phoenix Suns,2000-01,51,31,94,35.9,4,18.2,42.7,23.2,15.3,9.5,5.2,5.1,22.7,0.1
558,Portland Trail Blazers,2000-01,50,32,95.4,36.6,4.5,17.6,42,23.9,15.3,8.2,5.1,4,21.3,0.1
559,Sacramento Kings,2000-01,55,27,101.7,38.2,5.8,19.5,45,22.6,14.9,9.7,5.3,5.8,19.5,0
560,San Antonio Spurs,2000-01,58,24,96.2,35.2,5.4,20.4,44.1,21.7,14,6.9,7,5.2,18.9,0
561,Seattle SuperSonics,2000-01,44,38,97.3,36.9,5.7,17.7,41.7,21.9,15.3,8,5,6.2,21.1,0.1
562,Toronto Raptors,2000-01,47,35,97.6,37.2,5.2,18.1,44.5,24.4,13.2,7.3,6.3,5.4,21.3,0.1
563,Utah Jazz,2000-01,53,29,97.1,36.1,4,20.9,40.6,25.7,15.8,8.1,5.6,5.5,25.7,0.1
564,Vancouver Grizzlies,2000-01,23,59,91.7,35,4,17.8,40.5,23.2,15.7,7.1,4.4,5.8,21.1,0.1
565,Washington Wizards,2000-01,19,63,93.2,34.5,3.4,20.8,41.3,20.1,17,7.7,4.7,6.2,23.3,0.1
